Authors,Author(s) ID,Title,Year,Source title,Volume,Issue,Art. No.,Page start,Page end,Page count,Cited by,DOI,Link,Affiliations,Authors with affiliations,Author Keywords,Index Keywords,ID,Document Type,Publication Stage,Access Type,Source,EID,Coder
"Peets P., Leito I., Pelt J., Vahur S.",57163902600;6701397469;7004114545;16029804600;,Identification and classification of textile fibres using ATR-FT-IR spectroscopy with chemometric methods,2017,Spectrochimica Acta - Part A: Molecular and Biomolecular Spectroscopy,173,,,175,181,,25,10.1016/j.saa.2016.09.007,https://www.scopus.com/inward/record.uri?eid=2-s2.0-84987898699&doi=10.1016%2fj.saa.2016.09.007&partnerID=40&md5=06e1220d13dd4468c05b5ecef07aa4b1,"University of Tartu, Institute of Chemistry, 14a Ravila str, Tartu, 50411, Estonia; Tartu Observatory, Tõravere, 61602, Estonia","Peets, P., University of Tartu, Institute of Chemistry, 14a Ravila str, Tartu, 50411, Estonia; Leito, I., University of Tartu, Institute of Chemistry, 14a Ravila str, Tartu, 50411, Estonia; Pelt, J., Tartu Observatory, Tõravere, 61602, Estonia; Vahur, S., University of Tartu, Institute of Chemistry, 14a Ravila str, Tartu, 50411, Estonia",ATR-FT-IR spectroscopy; Classification; Discriminant analysis; Fibres; Principal component analysis; Textiles,Chromatography; Classification (of information); Cotton; Discriminant analysis; Fibers; Flax; Linen; Silk; Spacecraft instruments; Spectrum analysis; Textile blends; Textile fibers; Textiles; Wool; Yarn; ATR FT-IR spectroscopies; Chemometric method; Content determination; Principal Components; Semi-quantitative analysis; Single components; Structural inhomogeneities; Textile materials; Principal component analysis,,Article,Final,,Scopus,2-s2.0-84987898699,2019
"Muehlethaler C., Leona M., Lombardi J.R.",36990536700;57204298589;7007059776;,Towards a validation of surface-enhanced Raman scattering (SERS) for use in forensic science: repeatability and reproducibility experiments,2016,Forensic Science International,268,,,1,13,,21,10.1016/j.forsciint.2016.09.005,https://www.scopus.com/inward/record.uri?eid=2-s2.0-84988405290&doi=10.1016%2fj.forsciint.2016.09.005&partnerID=40&md5=fc2d3a656cf4bd1e1d2b1a541291a76a,"The Metropolitan Museum of Art, Department of Scientific Research, New York, United States; The City College of New York and Graduate Center of the City University of New York, Department of Chemistry, United States","Muehlethaler, C., The Metropolitan Museum of Art, Department of Scientific Research, New York, United States, The City College of New York and Graduate Center of the City University of New York, Department of Chemistry, United States; Leona, M., The Metropolitan Museum of Art, Department of Scientific Research, New York, United States; Lombardi, J.R., The City College of New York and Graduate Center of the City University of New York, Department of Chemistry, United States",Crystal violet; Methamphetamine; multivariate statistics; Nanoparticles; Silver colloids; TNT,crystal violet; methamphetamine; trinitrotoluene; analytic method; Article; binding affinity; forensic science; measurement accuracy; priority journal; qualitative analysis; quantitative analysis; Raman spectrometry; reproducibility; validation study,,Article,Final,,Scopus,2-s2.0-84988405290,2019
"Meyer L., MacDonald S., Skinner R.",,Cotton and Wool Outlook,2008,Cotton and Wool Outlook,,,,,,,15,,,,"Meyer, L.; MacDonald, S.; Skinner, R.",,,,,Final,,Scopus,2-s2.0-84879460485,2019
"França de Sá S., Ferreira J.L., Matos A.S., Macedo R., Ramos A.M.",57192250582;35480164500;25029796200;56682160100;7401770048;,A new insight into polyurethane foam deterioration – the use of Raman microscopy for the evaluation of long-term storage conditions,2016,Journal of Raman Spectroscopy,47,12,,1494,1504,,11,10.1002/jrs.4984,https://www.scopus.com/inward/record.uri?eid=2-s2.0-85001968803&doi=10.1002%2fjrs.4984&partnerID=40&md5=bc5c2ed312198162f5b82fb02b649adb,"Departamento de Conservação e Restauro, Faculdade de Ciências e Tecnologia, Universidade NOVA de Lisboa, Caparica, 2829-516, Portugal; LAQV-REQUIMTE, Faculdade de Ciências e Tecnologia, Universidade NOVA de Lisboa, Caparica, 2829-516, Portugal; Instituto de História da Arte, Faculdade de Ciências Sociais e Humanas, Universidade NOVA de Lisboa, Avenida de Berna, 26-C, Lisbon, 1069-061, Portugal; UNIDEMI, Departamento de Engenharia Mecânica e Industrial, Faculdade de Ciências e Tecnologia, Universidade NOVA de Lisboa, Caparica, 2829-516, Portugal","França de Sá, S., Departamento de Conservação e Restauro, Faculdade de Ciências e Tecnologia, Universidade NOVA de Lisboa, Caparica, 2829-516, Portugal, LAQV-REQUIMTE, Faculdade de Ciências e Tecnologia, Universidade NOVA de Lisboa, Caparica, 2829-516, Portugal; Ferreira, J.L., Departamento de Conservação e Restauro, Faculdade de Ciências e Tecnologia, Universidade NOVA de Lisboa, Caparica, 2829-516, Portugal, LAQV-REQUIMTE, Faculdade de Ciências e Tecnologia, Universidade NOVA de Lisboa, Caparica, 2829-516, Portugal; Matos, A.S., UNIDEMI, Departamento de Engenharia Mecânica e Industrial, Faculdade de Ciências e Tecnologia, Universidade NOVA de Lisboa, Caparica, 2829-516, Portugal; Macedo, R., Departamento de Conservação e Restauro, Faculdade de Ciências e Tecnologia, Universidade NOVA de Lisboa, Caparica, 2829-516, Portugal, Instituto de História da Arte, Faculdade de Ciências Sociais e Humanas, Universidade NOVA de Lisboa, Avenida de Berna, 26-C, Lisbon, 1069-061, Portugal; Ramos, A.M., Departamento de Conservação e Restauro, Faculdade de Ciências e Tecnologia, Universidade NOVA de Lisboa, Caparica, 2829-516, Portugal, LAQV-REQUIMTE, Faculdade de Ciências e Tecnologia, Universidade NOVA de Lisboa, Caparica, 2829-516, Portugal",conservation; long-term storage conditions; polyether-based polyurethane foam; Raman microscopy,,,Article,Final,,Scopus,2-s2.0-85001968803,2019
"Bitzer S., Heudt L., Barret A., George L., Van Dijk K., Gason F., Renard B.",56667447600;35080364900;57192374385;57196478893;57196481705;14038614100;56049681400;,The introduction of forensic advisors in Belgium and their role in the criminal justice system,2018,Science and Justice,58,3,,177,184,,9,10.1016/j.scijus.2017.11.002,https://www.scopus.com/inward/record.uri?eid=2-s2.0-85033558005&doi=10.1016%2fj.scijus.2017.11.002&partnerID=40&md5=7d31bef64a3d725e007310565c210231,"National Institute for Criminalistics and Criminology, Department of Criminology, Boulevard du Jardin Botanique 50, 1000, Brussels, Belgium; National Institute for Criminalistics and Criminology, Department of Criminalistics, Chaussée de Vilvorde 100, Brussels, 1120, Belgium","Bitzer, S., National Institute for Criminalistics and Criminology, Department of Criminology, Boulevard du Jardin Botanique 50, 1000, Brussels, Belgium; Heudt, L., National Institute for Criminalistics and Criminology, Department of Criminalistics, Chaussée de Vilvorde 100, Brussels, 1120, Belgium; Barret, A., National Institute for Criminalistics and Criminology, Department of Criminalistics, Chaussée de Vilvorde 100, Brussels, 1120, Belgium; George, L., National Institute for Criminalistics and Criminology, Department of Criminalistics, Chaussée de Vilvorde 100, Brussels, 1120, Belgium; Van Dijk, K., National Institute for Criminalistics and Criminology, Department of Criminalistics, Chaussée de Vilvorde 100, Brussels, 1120, Belgium; Gason, F., National Institute for Criminalistics and Criminology, Department of Criminalistics, Chaussée de Vilvorde 100, Brussels, 1120, Belgium; Renard, B., National Institute for Criminalistics and Criminology, Department of Criminology, Boulevard du Jardin Botanique 50, 1000, Brussels, Belgium",Communication; Cost-effectiveness; Decision-making; Forensic generalist; Triaging,Belgium; cost effectiveness analysis; criminal justice; criminology; decision making; human; sexual assault; article; homicide,,Article,Final,,Scopus,2-s2.0-85033558005,2019
"Nizio K.D., Ueland M., Stuart B.H., Forbes S.L.",55005740100;55832747800;7102231958;7102524526;,The analysis of textiles associated with decomposing remains as a natural training aid for cadaver-detection dogs,2017,Forensic Chemistry,5,,,33,45,,8,10.1016/j.forc.2017.06.002,https://www.scopus.com/inward/record.uri?eid=2-s2.0-85021134261&doi=10.1016%2fj.forc.2017.06.002&partnerID=40&md5=dc09abb1e8682fb966d28c4ea9e71303,"University of Technology Sydney, Centre for Forensic Science, PO Box 123, Ultimo, NSW  2007, Australia","Nizio, K.D., University of Technology Sydney, Centre for Forensic Science, PO Box 123, Ultimo, NSW  2007, Australia; Ueland, M., University of Technology Sydney, Centre for Forensic Science, PO Box 123, Ultimo, NSW  2007, Australia; Stuart, B.H., University of Technology Sydney, Centre for Forensic Science, PO Box 123, Ultimo, NSW  2007, Australia; Forbes, S.L., University of Technology Sydney, Centre for Forensic Science, PO Box 123, Ultimo, NSW  2007, Australia",Buried remains; Cadaver-detection dogs; Forensic taphonomy; GC×GC-TOFMS; Natural training aids; Textiles,,,Article,Final,,Scopus,2-s2.0-85021134261,2019
"Sauzier G., Reichard E., van Bronswijk W., Lewis S.W., Goodpaster J.V.",55600124800;57192437463;35587577900;7404038754;55912901600;,Improving the confidence of “questioned versus known” fiber comparisons using microspectrophotometry and chemometrics,2016,Forensic Chemistry,2,,,15,21,,8,10.1016/j.forc.2016.08.001,https://www.scopus.com/inward/record.uri?eid=2-s2.0-85006494099&doi=10.1016%2fj.forc.2016.08.001&partnerID=40&md5=6686e3a3584d0b6a9c373643faa17def,"Department of Chemistry, Curtin University, GPO Box U1987, Perth, Western Australia  6845, Australia; Nanochemistry Research Institute, Curtin University, GPO Box U1987, Perth, Western Australia  6845, Australia; Department of Chemistry and Chemical Biology, Indiana University Purdue University Indianapolis, Indianapolis, IN  46202, United States","Sauzier, G., Department of Chemistry, Curtin University, GPO Box U1987, Perth, Western Australia  6845, Australia, Nanochemistry Research Institute, Curtin University, GPO Box U1987, Perth, Western Australia  6845, Australia; Reichard, E., Department of Chemistry and Chemical Biology, Indiana University Purdue University Indianapolis, Indianapolis, IN  46202, United States; van Bronswijk, W., Department of Chemistry, Curtin University, GPO Box U1987, Perth, Western Australia  6845, Australia; Lewis, S.W., Department of Chemistry, Curtin University, GPO Box U1987, Perth, Western Australia  6845, Australia, Nanochemistry Research Institute, Curtin University, GPO Box U1987, Perth, Western Australia  6845, Australia; Goodpaster, J.V., Department of Chemistry and Chemical Biology, Indiana University Purdue University Indianapolis, Indianapolis, IN  46202, United States",Chemometrics; Forensic science; Microspectrophotometry; Textile fibers,,,Article,Final,,Scopus,2-s2.0-85006494099,2019
"Robertson J., Roux C., Wiggins K.G.",7404531595;7202017940;7003873724;,Forensic examination of fibres: Third edition,2017,Forensic Examination of Fibres: Third Edition,,,,1,465,,7,10.1201/9781315156583,https://www.scopus.com/inward/record.uri?eid=2-s2.0-85042000756&doi=10.1201%2f9781315156583&partnerID=40&md5=6b2474fd0513896b21c68ac66d9af3e2,"National Centre for Forensic Studies (NCFS), University of Canberra, Australia; University of Lausanne, Switzerland; Metropolitan Police Forensic Science Laboratory (MPFSL), London, United Kingdom","Robertson, J., National Centre for Forensic Studies (NCFS), University of Canberra, Australia; Roux, C., University of Lausanne, Switzerland; Wiggins, K.G., Metropolitan Police Forensic Science Laboratory (MPFSL), London, United Kingdom",,,,Book,Final,,Scopus,2-s2.0-85042000756,2019
"Biedermann A., Champod C., Willis S.",,Development of European standards for evaluative reporting in forensic science: The gap between intentions and perceptions,2017,International Journal of Evidence & Proof,21,01-Feb,,14,29,,7,,,,"Biedermann, A.; Champod, C.; Willis, S.",,,,,Final,,Scopus,2-s2.0-85047870492,2019
"Palmer R., Sheridan K., Puckett J., Richardson N., Lo W.",55636317627;56526564900;57195619101;57195618026;57195619504;,An investigation into secondary transfer—The transfer of textile fibres to seats,2017,Forensic Science International,278,,,334,337,,7,10.1016/j.forsciint.2017.07.035,https://www.scopus.com/inward/record.uri?eid=2-s2.0-85029313283&doi=10.1016%2fj.forsciint.2017.07.035&partnerID=40&md5=123650b8f807e159be7d3c82a70e1e79,"The Forensic Science Unit, Faculty of Health and Life Sciences, Northumbria University, Ellison Building, Newcastle Upon Tyne, United Kingdom","Palmer, R., The Forensic Science Unit, Faculty of Health and Life Sciences, Northumbria University, Ellison Building, Newcastle Upon Tyne, United Kingdom; Sheridan, K., The Forensic Science Unit, Faculty of Health and Life Sciences, Northumbria University, Ellison Building, Newcastle Upon Tyne, United Kingdom; Puckett, J., The Forensic Science Unit, Faculty of Health and Life Sciences, Northumbria University, Ellison Building, Newcastle Upon Tyne, United Kingdom; Richardson, N., The Forensic Science Unit, Faculty of Health and Life Sciences, Northumbria University, Ellison Building, Newcastle Upon Tyne, United Kingdom; Lo, W., The Forensic Science Unit, Faculty of Health and Life Sciences, Northumbria University, Ellison Building, Newcastle Upon Tyne, United Kingdom",Fibres; Interpretation; Persistence; Seats; Secondary transfer,polyester; Article; clothing; controlled study; cotton; crime; experimental design; forensic identification; legal evidence; priority journal; seat; textile fiber; time factor,,Article,Final,,Scopus,2-s2.0-85029313283,2019
"Reichard E.J., Bartick E.G., Morgan S.L., Goodpaster J.V.",57192437463;6603722593;7402180417;55912901600;,Microspectrophotometric analysis of yellow polyester fiber dye loadings with chemometric techniques,2017,Forensic Chemistry,3,,,21,27,,7,10.1016/j.forc.2016.11.001,https://www.scopus.com/inward/record.uri?eid=2-s2.0-85010858456&doi=10.1016%2fj.forc.2016.11.001&partnerID=40&md5=801626f9706e5d0be0c2cf840e38f9a4,"Indiana University Purdue University Indianapolis (IUPUI), Department of Chemistry and Chemical Biology, Forensic and Investigative Sciences Program, 402 N. Blackford Street, LD 326, Indianapolis, IN  46202, United States; George Washington University, Department of Forensic Sciences, The George Washington University, 2100 Foxhall Road, NW, Washington, DC, 20007, United States; University of South Carolina, Department of Chemistry and Biochemistry, Columbia, SC  29208, United States","Reichard, E.J., Indiana University Purdue University Indianapolis (IUPUI), Department of Chemistry and Chemical Biology, Forensic and Investigative Sciences Program, 402 N. Blackford Street, LD 326, Indianapolis, IN  46202, United States; Bartick, E.G., George Washington University, Department of Forensic Sciences, The George Washington University, 2100 Foxhall Road, NW, Washington, DC, 20007, United States; Morgan, S.L., University of South Carolina, Department of Chemistry and Biochemistry, Columbia, SC  29208, United States; Goodpaster, J.V., Indiana University Purdue University Indianapolis (IUPUI), Department of Chemistry and Chemical Biology, Forensic and Investigative Sciences Program, 402 N. Blackford Street, LD 326, Indianapolis, IN  46202, United States",Dye loading; Fibers; Forensic science; Microspectrophotometry; Multivariate statistics; Polyester,,,Article,Final,,Scopus,2-s2.0-85010858456,2019
"Hejazi S.M., Kadivar N., Sajjadi A.",24558652500;57056467500;56411868200;,Analytical assessment of woven fabrics under vertical stabbing - The role of protective clothing,2016,Forensic Science International,259,,,224,233,,7,10.1016/j.forsciint.2015.12.036,https://www.scopus.com/inward/record.uri?eid=2-s2.0-84954287607&doi=10.1016%2fj.forsciint.2015.12.036&partnerID=40&md5=7a6997224ff06e9c9235b4839e0d3689,"Department of Textile Engineering, Isfahan University of Technology, Isfahan, 84156-83111, Iran","Hejazi, S.M., Department of Textile Engineering, Isfahan University of Technology, Isfahan, 84156-83111, Iran; Kadivar, N., Department of Textile Engineering, Isfahan University of Technology, Isfahan, 84156-83111, Iran; Sajjadi, A., Department of Textile Engineering, Isfahan University of Technology, Isfahan, 84156-83111, Iran",Energy method; Knife; Protective clothing; Stab; Woven fabric,"polyamide; polyester; metal; analytic method; Article; cotton; forensic medicine; knife cut; mathematical analysis; mathematical model; physical parameters; priority journal; protective clothing; tensile strength; textile fiber; tongue tear measurement method; human; textile; Wounds, Stab; Humans; Metals; Polyesters; Protective Clothing; Textiles; Wounds, Stab",,Article,Final,,Scopus,2-s2.0-84954287607,2019
Koszewska M.,6508328473;,Circular Economy - Challenges for the Textile and Clothing Industry,2018,Autex Research Journal,,,,,,,6,10.1515/aut-2018-0023,https://www.scopus.com/inward/record.uri?eid=2-s2.0-85050954128&doi=10.1515%2faut-2018-0023&partnerID=40&md5=a021a67ba9d25869ae02d71477cd4dc4,"Lodz University of Technology, Faculty of Management and Production Engineering, Department of Production Management and Logistics, Wolczanska 215, Lodz, 90-924, Poland","Koszewska, M., Lodz University of Technology, Faculty of Management and Production Engineering, Department of Production Management and Logistics, Wolczanska 215, Lodz, 90-924, Poland",Circular economy; closing the loop; recycling; textile and clothing industry,,,Article in Press,Article in Press,Open Access,Scopus,2-s2.0-85050954128,2019
"Groves E., Palenik S., Palenik C.S.",56915536700;6505782584;7005080203;,Reproducibility of high-performance thin-layer chromatography (HPTLC) in textile dye analysis,2018,Forensic Chemistry,8,,,104,110,,6,10.1016/j.forc.2018.03.004,https://www.scopus.com/inward/record.uri?eid=2-s2.0-85044282249&doi=10.1016%2fj.forc.2018.03.004&partnerID=40&md5=71457b995324069893efffed824632c1,"Microtrace LLC, 790 Fl, etc, her Dr., Suite 106, Elgin, IL  60123, United States","Groves, E., Microtrace LLC, 790 Fl, etc, her Dr., Suite 106, Elgin, IL  60123, United States; Palenik, S., Microtrace LLC, 790 Fl, etc, her Dr., Suite 106, Elgin, IL  60123, United States; Palenik, C.S., Microtrace LLC, 790 Fl, etc, her Dr., Suite 106, Elgin, IL  60123, United States",Dye identification; Forensic science; High performance thin-layer chromatography (HPTLC); Reproducibility; Textile dyes,,,Article,Final,,Scopus,2-s2.0-85044282249,2019
"Schotman T.G., Xu X., Rodewijk N., van der Weerd J.",56681105900;57196741696;55949390800;6603650278;,Application of dye analysis in forensic fibre and textile examination: Case examples,2017,Forensic Science International,278,,,338,350,,6,10.1016/j.forsciint.2017.07.026,https://www.scopus.com/inward/record.uri?eid=2-s2.0-85029289012&doi=10.1016%2fj.forsciint.2017.07.026&partnerID=40&md5=fa31e6c22ba36b831b994fa3fa07a2cb,"Netherlands Forensic Institute, Division of Chemical and Physical Traces, P.O. Box 24044, The Hague, 2490AA, Netherlands","Schotman, T.G., Netherlands Forensic Institute, Division of Chemical and Physical Traces, P.O. Box 24044, The Hague, 2490AA, Netherlands; Xu, X., Netherlands Forensic Institute, Division of Chemical and Physical Traces, P.O. Box 24044, The Hague, 2490AA, Netherlands; Rodewijk, N., Netherlands Forensic Institute, Division of Chemical and Physical Traces, P.O. Box 24044, The Hague, 2490AA, Netherlands; van der Weerd, J., Netherlands Forensic Institute, Division of Chemical and Physical Traces, P.O. Box 24044, The Hague, 2490AA, Netherlands",Chromatography; Dye; Fibres and Textiles; HPLC; Mass spectrometry,dye; analytic method; Article; chemical analysis; chromatography; color; crime; diode array detection; explosion; forensic science; glove; high performance liquid chromatography; mass; priority journal; quality control; rape; retention time; textile; textile fiber; traffic accident,,Article,Final,,Scopus,2-s2.0-85029289012,2019
"Arscott E., Morgan R., Meakin G., French J.",57193986936;57194780985;55023033400;37037238900;,Understanding forensic expert evaluative evidence: A study of the perception of verbal expressions of the strength of evidence,2017,Science and Justice,57,3,,221,227,,6,10.1016/j.scijus.2017.02.002,https://www.scopus.com/inward/record.uri?eid=2-s2.0-85012287009&doi=10.1016%2fj.scijus.2017.02.002&partnerID=40&md5=3321e5b456687043d923918cff99b427,"UCL Centre for the Forensic Sciences, 35 Tavistock Square, London, WC1H 9EZ, United Kingdom; UCL Department of Security and Crime Science, 35 Tavistock Square, London, WC1H 9EZ, United Kingdom","Arscott, E., UCL Centre for the Forensic Sciences, 35 Tavistock Square, London, WC1H 9EZ, United Kingdom; Morgan, R., UCL Centre for the Forensic Sciences, 35 Tavistock Square, London, WC1H 9EZ, United Kingdom, UCL Department of Security and Crime Science, 35 Tavistock Square, London, WC1H 9EZ, United Kingdom; Meakin, G., UCL Centre for the Forensic Sciences, 35 Tavistock Square, London, WC1H 9EZ, United Kingdom, UCL Department of Security and Crime Science, 35 Tavistock Square, London, WC1H 9EZ, United Kingdom; French, J., UCL Centre for the Forensic Sciences, 35 Tavistock Square, London, WC1H 9EZ, United Kingdom, UCL Department of Security and Crime Science, 35 Tavistock Square, London, WC1H 9EZ, United Kingdom",Likelihood ratio; Perception; Strength of evidence; Verbal scale,controlled clinical trial; controlled study; criminal justice; empirical research; forensic medicine; human; major clinical study; perception; randomized controlled trial; verbal behavior; expert witness; forensic science; Expert Testimony; Forensic Sciences; Humans,,Article,Final,,Scopus,2-s2.0-85012287009,2019
"Benson N., Dos Santos R.O., Griffiths K., Cole N., Doble P., Roux C., Blanes L.",57193510460;57193516276;57193507447;25123483300;6603627895;7202017940;8606130700;,The development of a stabbing machine for forensic textile damage analysis,2017,Forensic Science International,273,,,132,139,,6,10.1016/j.forsciint.2017.02.013,https://www.scopus.com/inward/record.uri?eid=2-s2.0-85014490583&doi=10.1016%2fj.forsciint.2017.02.013&partnerID=40&md5=73e6d349b787914d32216cef10cadeef,"University of Technology Sydney, Centre for Forensic Science, PO Box 123, BroadwayNSW  2007, Australia; Department of Engineering, Architecture and Agricultural studies, University of Santa Cruz do Sul, Santa Cruz do Sul, RS, Brazil; Specialist Operations, Australian Federal Police, GPO Box 401, Canberra, ACT  2601, Australia","Benson, N., University of Technology Sydney, Centre for Forensic Science, PO Box 123, BroadwayNSW  2007, Australia; Dos Santos, R.O., University of Technology Sydney, Centre for Forensic Science, PO Box 123, BroadwayNSW  2007, Australia, Department of Engineering, Architecture and Agricultural studies, University of Santa Cruz do Sul, Santa Cruz do Sul, RS, Brazil; Griffiths, K., Specialist Operations, Australian Federal Police, GPO Box 401, Canberra, ACT  2601, Australia; Cole, N., University of Technology Sydney, Centre for Forensic Science, PO Box 123, BroadwayNSW  2007, Australia; Doble, P., University of Technology Sydney, Centre for Forensic Science, PO Box 123, BroadwayNSW  2007, Australia; Roux, C., University of Technology Sydney, Centre for Forensic Science, PO Box 123, BroadwayNSW  2007, Australia; Blanes, L., University of Technology Sydney, Centre for Forensic Science, PO Box 123, BroadwayNSW  2007, Australia",Arduino; Knife; Stab; Stabbing Machine; Textile damage,Article; computer simulation; computer system; equipment design; forensic science; machine; online system; software; stab wound; stabbing machine; textile; weapon,,Article,Final,,Scopus,2-s2.0-85014490583,2019
"Heider E.C., Mujumdar N., Campiglia A.D.",57190341326;57151044700;7003458477;,Identification of detergents for forensic fiber analysis,2016,Analytical and Bioanalytical Chemistry,408,28,,7935,7943,,6,10.1007/s00216-016-9927-8,https://www.scopus.com/inward/record.uri?eid=2-s2.0-84988422292&doi=10.1007%2fs00216-016-9927-8&partnerID=40&md5=742cab8b053d5aee7be9005afb65ec1e,"Department of Chemistry, University of Central Florida, 4111 Libra Drive, P.O. Box 25000, Orlando, FL  32816-2366, United States; National Center for Forensic Science, University of Central Florida, P.O. Box 162367, Orlando, FL  32816-2367, United States","Heider, E.C., Department of Chemistry, University of Central Florida, 4111 Libra Drive, P.O. Box 25000, Orlando, FL  32816-2366, United States; Mujumdar, N., Department of Chemistry, University of Central Florida, 4111 Libra Drive, P.O. Box 25000, Orlando, FL  32816-2366, United States; Campiglia, A.D., Department of Chemistry, University of Central Florida, 4111 Libra Drive, P.O. Box 25000, Orlando, FL  32816-2366, United States, National Center for Forensic Science, University of Central Florida, P.O. Box 162367, Orlando, FL  32816-2367, United States",Detergent analysis; Fluorescence microscopy; Forensic fibers; Principal component analysis,Fibers; Fluorescence; Fluorescence microscopy; Laundering; Soaps (detergents); Textile fibers; Textiles; Acrylic fibers; BULK SPECIMENS; Nylon fiber; Single fiber; Spectral characteristics; Spectral signature; Trace evidences; Whitening agents; Principal component analysis,,Article,Final,,Scopus,2-s2.0-84988422292,2019
"Sultana N., Gunning S., Furst S.J., Garrard K.P., Dow T.A., Vinueza N.R.",57194709120;56524367400;26432679900;6602607002;7006710080;23096118100;,Direct analysis of textile dyes from trace fibers by automated microfluidics extraction system coupled with Q-TOF mass spectrometer for forensic applications,2018,Forensic Science International,289,,,67,74,,5,10.1016/j.forsciint.2018.05.020,https://www.scopus.com/inward/record.uri?eid=2-s2.0-85047638919&doi=10.1016%2fj.forsciint.2018.05.020&partnerID=40&md5=f47ab278b2cfd28818ff48a52de507f2,"Department of Textile Engineering, Chemistry, and Science, North Carolina State University, Raleigh, NC  27695, United States; Precision Engineering Consortium, North Carolina State University, Raleigh, NC  27695, United States","Sultana, N., Department of Textile Engineering, Chemistry, and Science, North Carolina State University, Raleigh, NC  27695, United States; Gunning, S., Precision Engineering Consortium, North Carolina State University, Raleigh, NC  27695, United States; Furst, S.J., Precision Engineering Consortium, North Carolina State University, Raleigh, NC  27695, United States; Garrard, K.P., Precision Engineering Consortium, North Carolina State University, Raleigh, NC  27695, United States; Dow, T.A., Precision Engineering Consortium, North Carolina State University, Raleigh, NC  27695, United States; Vinueza, N.R., Department of Textile Engineering, Chemistry, and Science, North Carolina State University, Raleigh, NC  27695, United States",Dyes; Mass spectrometry; Microfluidics; Quadrupole-time-of-flight; Textile fibers; Trace evidence,anthraquinone; dye; organic solvent; Article; automation; elemental analysis; extraction; forensic science; isotope analysis; microfluidic analysis; priority journal; quadrupole mass spectrometry; structure analysis; sulfonation; time of flight mass spectrometry,,Article,Final,,Scopus,2-s2.0-85047638919,2019
"MacPhee N., Savage A., Noton N., Beattie E., Milne L., Fraser J.",57197852824;57197852236;57197855346;57197852586;57197856950;37661176900;,A comparison of penetration and damage caused by different types of arrowheads on loose and tight fit clothing,2018,Science and Justice,58,2,,109,120,,5,10.1016/j.scijus.2017.11.005,https://www.scopus.com/inward/record.uri?eid=2-s2.0-85035351282&doi=10.1016%2fj.scijus.2017.11.005&partnerID=40&md5=b99b5ed7f31f38963c0ace1d6b7363b5,"Abertay University, 40 Bell Street, Dundee, DD1 1HG, United Kingdom","MacPhee, N., Abertay University, 40 Bell Street, Dundee, DD1 1HG, United Kingdom; Savage, A., Abertay University, 40 Bell Street, Dundee, DD1 1HG, United Kingdom; Noton, N., Abertay University, 40 Bell Street, Dundee, DD1 1HG, United Kingdom; Beattie, E., Abertay University, 40 Bell Street, Dundee, DD1 1HG, United Kingdom; Milne, L., Abertay University, 40 Bell Street, Dundee, DD1 1HG, United Kingdom; Fraser, J., Abertay University, 40 Bell Street, Dundee, DD1 1HG, United Kingdom",Arrow; Bones; Clothing; Damage; Penetration; Tissues,"gelatin; arrow; Article; ballistics; blunt trauma; bone matrix; comparative study; femur; penetrating trauma; rib; soft tissue; soft tissue injury; spine; surface area; weapon; X ray; x-ray computed tomography; biological model; bone; clothing; diagnostic imaging; equipment design; forensic medicine; human; injuries; micro-computed tomography; pathology; penetrating trauma; three dimensional imaging; Bone and Bones; Clothing; Equipment Design; Forensic Medicine; Gelatin; Humans; Imaging, Three-Dimensional; Models, Biological; Weapons; Wounds, Penetrating; X-Ray Microtomography",,Article,Final,,Scopus,2-s2.0-85035351282,2019
"Ueland M., Howes J.M., Forbes S.L., Stuart B.H.",55832747800;55326488800;7102524526;7102231958;,Degradation patterns of natural and synthetic textiles on a soil surface during summer and winter seasons studied using ATR-FTIR spectroscopy,2017,Spectrochimica Acta - Part A: Molecular and Biomolecular Spectroscopy,185,,,69,76,,5,10.1016/j.saa.2017.05.044,https://www.scopus.com/inward/record.uri?eid=2-s2.0-85019637320&doi=10.1016%2fj.saa.2017.05.044&partnerID=40&md5=5c8a464342d8e3c1b3c5a2441b0860d9,"Centre for Forensic Science, University of Technology Sydney, PO Box 123, BroadwayNSW  2007, Australia","Ueland, M., Centre for Forensic Science, University of Technology Sydney, PO Box 123, BroadwayNSW  2007, Australia; Howes, J.M., Centre for Forensic Science, University of Technology Sydney, PO Box 123, BroadwayNSW  2007, Australia; Forbes, S.L., Centre for Forensic Science, University of Technology Sydney, PO Box 123, BroadwayNSW  2007, Australia; Stuart, B.H., Centre for Forensic Science, University of Technology Sydney, PO Box 123, BroadwayNSW  2007, Australia",Cotton; Forensic; Infrared spectroscopy; Polyester; Principal component analysis; Textile,Cotton; Fourier transform infrared spectroscopy; Infrared spectroscopy; Polyesters; Soils; Spectrum analysis; Supersaturation; Synthetic textile fibers; Textiles; ATR FT-IR spectroscopies; Attenuated total reflectance spectroscopy; Degradation patterns; Forensic; Outdoor environment; Quantitative approach; Synthetic materials; Visual degradations; Principal component analysis,,Article,Final,,Scopus,2-s2.0-85019637320,2019
"Schnegg M., Turchany M., Deviterne M., Gueissaz L., Hess S., Massonnet G.",56755185000;57195551512;55912903000;35762616000;57192313731;6603429626;,A preliminary investigation of textile fibers in smothering scenarios and alternative legitimate activities,2017,Forensic Science International,279,,,165,176,,5,10.1016/j.forsciint.2017.08.020,https://www.scopus.com/inward/record.uri?eid=2-s2.0-85028690366&doi=10.1016%2fj.forsciint.2017.08.020&partnerID=40&md5=fa822d5fd12edada5accd9c658432137,"University of Lausanne, School of Criminal Justice, Batochime — Dorigny, Lausanne, CH-1015, Switzerland; Forensisches Institut Zürich, Zeughausstrasse 11, Zürich, CH-8004, Switzerland","Schnegg, M., University of Lausanne, School of Criminal Justice, Batochime — Dorigny, Lausanne, CH-1015, Switzerland; Turchany, M., University of Lausanne, School of Criminal Justice, Batochime — Dorigny, Lausanne, CH-1015, Switzerland; Deviterne, M., University of Lausanne, School of Criminal Justice, Batochime — Dorigny, Lausanne, CH-1015, Switzerland; Gueissaz, L., University of Lausanne, School of Criminal Justice, Batochime — Dorigny, Lausanne, CH-1015, Switzerland; Hess, S., Forensisches Institut Zürich, Zeughausstrasse 11, Zürich, CH-8004, Switzerland; Massonnet, G., University of Lausanne, School of Criminal Justice, Batochime — Dorigny, Lausanne, CH-1015, Switzerland",1:1 taping; Fiber distribution; Fiber transfer; Forensic interpretation; Trace evidence,adult; Article; controlled study; criminal behavior; face; female; friction; general device; homicide; human; human experiment; male; night sleep; pillow; priority journal; simulation; smothering; suffocation; textile fiber; victim; young adult,,Article,Final,,Scopus,2-s2.0-85028690366,2019
"Forster A.L., Bitter J.L., Rosenthal S., Brooks S., Watson S.S.",8706329200;35725152400;57194775973;57194765818;26768341500;,"Photofading in cotton fibers dyed using red, yellow, and blue direct dyes during examination with microspectrophotometry (MSP)",2017,Forensic Chemistry,5,,,72,78,,5,10.1016/j.forc.2017.06.006,https://www.scopus.com/inward/record.uri?eid=2-s2.0-85022095063&doi=10.1016%2fj.forc.2017.06.006&partnerID=40&md5=bec6625a73130433ee13157985859c9e,"National Institute of Standards and Technology Material Measurement Laboratory, 100 Bureau Dr. M/S 8102, Gaithersburg, MD  20899-8102, United States; National Institute of Standards and Technology Material Measurement Laboratory, 100 Bureau Dr. M/S 8371, Gaithersburg, MD  20899-8317, United States; West Virginia University, United States; National Institute of Standards and Technology Engineering Laboratory, 100 Bureau Dr. M/S 8615, Gaithersburg, MD  20899-8615, United States","Forster, A.L., National Institute of Standards and Technology Material Measurement Laboratory, 100 Bureau Dr. M/S 8102, Gaithersburg, MD  20899-8102, United States; Bitter, J.L., National Institute of Standards and Technology Material Measurement Laboratory, 100 Bureau Dr. M/S 8371, Gaithersburg, MD  20899-8317, United States; Rosenthal, S., National Institute of Standards and Technology Material Measurement Laboratory, 100 Bureau Dr. M/S 8102, Gaithersburg, MD  20899-8102, United States; Brooks, S., West Virginia University, United States; Watson, S.S., National Institute of Standards and Technology Engineering Laboratory, 100 Bureau Dr. M/S 8615, Gaithersburg, MD  20899-8615, United States",Fiber; Microspectrophotometry; Photofading,,,Article,Final,,Scopus,2-s2.0-85022095063,2019
"Slot A., van der Weerd J., Roos M., Baiker M., Stoel R.D., Zuidberg M.C.",56293150700;6603650278;55812941300;57110281600;7801618923;55903342100;,Tracers as invisible evidence — The transfer and persistence of flock fibres during a car exchange,2017,Forensic Science International,275,,,178,186,,5,10.1016/j.forsciint.2017.03.005,https://www.scopus.com/inward/record.uri?eid=2-s2.0-85017176021&doi=10.1016%2fj.forsciint.2017.03.005&partnerID=40&md5=ea3d8ab558095f1869a1bcc43bead59c,"Netherlands Forensic Institute, PO Box 24044, The Hague, 2490 AA, Netherlands","Slot, A., Netherlands Forensic Institute, PO Box 24044, The Hague, 2490 AA, Netherlands; van der Weerd, J., Netherlands Forensic Institute, PO Box 24044, The Hague, 2490 AA, Netherlands; Roos, M., Netherlands Forensic Institute, PO Box 24044, The Hague, 2490 AA, Netherlands; Baiker, M., Netherlands Forensic Institute, PO Box 24044, The Hague, 2490 AA, Netherlands; Stoel, R.D., Netherlands Forensic Institute, PO Box 24044, The Hague, 2490 AA, Netherlands; Zuidberg, M.C., Netherlands Forensic Institute, PO Box 24044, The Hague, 2490 AA, Netherlands",Car upholstery; Flock fibers; Forensic tracer; Persistence; Transfer; Trousers,tracer; algorithm; Article; automation; car; clothing; controlled study; crime; experiment; fiber; flock fiber; fluorescence analysis; friction; human; human experiment; image analysis; laboratory test; legal evidence; photography; seat; trouser; upholstery; volunteer,,Article,Final,,Scopus,2-s2.0-85017176021,2019
"Schwendener G., Moret S., Cavanagh-Steer K., Roux C.",57190402641;35311394100;7801497043;7202017940;,Can “contamination” occur in body bags?—The example of background fibres in body bags used in Australia,2016,Forensic Science International,266,,,517,526,,5,10.1016/j.forsciint.2016.07.012,https://www.scopus.com/inward/record.uri?eid=2-s2.0-84979774615&doi=10.1016%2fj.forsciint.2016.07.012&partnerID=40&md5=258eb3233a9b014356d692c5592a61ae,"University of Technology Sydney, Centre for Forensic Science, Broadway2007, Australia; École des Sciences Criminelles, Building Batochime, University of Lausanne, Lausanne, CH-1015, Switzerland; Forensic Science Branch, Northern Territory Police, Fire & Emergency Services, Darwin, Australia","Schwendener, G., University of Technology Sydney, Centre for Forensic Science, Broadway2007, Australia, École des Sciences Criminelles, Building Batochime, University of Lausanne, Lausanne, CH-1015, Switzerland; Moret, S., University of Technology Sydney, Centre for Forensic Science, Broadway2007, Australia; Cavanagh-Steer, K., Forensic Science Branch, Northern Territory Police, Fire & Emergency Services, Darwin, Australia; Roux, C., University of Technology Sydney, Centre for Forensic Science, Broadway2007, Australia",Consumables; Crime scene; Impurities; Pollution; Trace evidence,vinyl derivative; Article; Australia; autopsy; body bag; contamination; device material; feather; fiber; general device; hair; insect; particle size; priority journal; qualitative analysis; quantitative analysis; DNA contamination; homicide; human; specimen handling; textile; Australia; DNA Contamination; Homicide; Humans; Specimen Handling; Textiles,,Article,Final,,Scopus,2-s2.0-84979774615,2019
"Carr D.J., Featherstone M., Malbon C., Miller D., Teagle M.",8049037200;57202020217;56425620500;56603494600;6504137131;,Preliminary development of a bleeding layer to assess the effect of a ballistic impact on textile damage,2018,Forensic Science International,288,,,169,172,,4,10.1016/j.forsciint.2018.04.031,https://www.scopus.com/inward/record.uri?eid=2-s2.0-85046756005&doi=10.1016%2fj.forsciint.2018.04.031&partnerID=40&md5=265b5ac082bdb3ea1a8313a8ae358357,"Defence and Security Accelerator, Porton Down, Salisbury, SP4 0JQ, United Kingdom; Cranfield Forensic Institute, Cranfield University, Defence Academy of the United Kingdom, ShrivenhamSN6 8LA, United Kingdom; Impact and Armour Group, Centre for Defence Engineering, Cranfield University, Defence Academy of the United Kingdom, ShrivenhamSN6 8LA, United Kingdom","Carr, D.J., Defence and Security Accelerator, Porton Down, Salisbury, SP4 0JQ, United Kingdom; Featherstone, M., Cranfield Forensic Institute, Cranfield University, Defence Academy of the United Kingdom, ShrivenhamSN6 8LA, United Kingdom; Malbon, C., Impact and Armour Group, Centre for Defence Engineering, Cranfield University, Defence Academy of the United Kingdom, ShrivenhamSN6 8LA, United Kingdom; Miller, D., Impact and Armour Group, Centre for Defence Engineering, Cranfield University, Defence Academy of the United Kingdom, ShrivenhamSN6 8LA, United Kingdom; Teagle, M., Impact and Armour Group, Centre for Defence Engineering, Cranfield University, Defence Academy of the United Kingdom, ShrivenhamSN6 8LA, United Kingdom",Blood; Bullet wipe; Forensic reconstruction; Pistol ammunition; Single jersey knit; Swine tissue,"Article; assessor; ballistics; bleeding layer; blood sampling; bullet wipe; coroner; dispersion; forensic science; gunshot injury; human; human tissue; intermethod comparison; legal evidence; pistol ammunition; preliminary data; priority journal; textile damage; animal; animal model; bleeding; clothing; firearm; gunshot injury; pig; Animals; Clothing; Firearms; Forensic Ballistics; Hemorrhage; Models, Animal; Swine; Wounds, Gunshot",,Article,Final,,Scopus,2-s2.0-85046756005,2019
"Schnegg M., Palmer R., Massonnet G.",56755185000;55636317627;6603429626;,Les paramètres clés de l'interprétation des fibres textiles en sciences criminelles. Partie I: Occurrence et bruit de fond,2018,Journal of the Canadian Society of Forensic Science,51,1,,1,25,,4,10.1080/00085030.2017.1379683,https://www.scopus.com/inward/record.uri?eid=2-s2.0-85030534777&doi=10.1080%2f00085030.2017.1379683&partnerID=40&md5=4cfdd5f992acf44ad39dcd864b7b604d,"Université de Lausanne, Ecole des Sciences Criminelles, Batochime, Lausanne-Dorigny  CH-1015, Switzerland; Northumbria University, Forensic Science Unit, Department of Applied Sciences, Newcastle-upon-Tyne, NE1 8ST, United Kingdom","Schnegg, M., Université de Lausanne, Ecole des Sciences Criminelles, Batochime, Lausanne-Dorigny  CH-1015, Switzerland; Palmer, R., Northumbria University, Forensic Science Unit, Department of Applied Sciences, Newcastle-upon-Tyne, NE1 8ST, United Kingdom; Massonnet, G., Université de Lausanne, Ecole des Sciences Criminelles, Batochime, Lausanne-Dorigny  CH-1015, Switzerland",fibres textiles; Interprétation bayésienne; rapport de vraisemblance; étude de bloc de couleur; étude de fibre cible; étude de marché; étude de population,Article; Bayes theorem; calculation; laboratory test; probability,,Article,Final,,Scopus,2-s2.0-85030534777,2019
"Berger C.E.H., Stoel R.D.",26427984500;7801618923;,Response to “A study of the perception of verbal expressions of the strength of evidence”,2018,Science and Justice,58,1,,76,77,,4,10.1016/j.scijus.2017.11.007,https://www.scopus.com/inward/record.uri?eid=2-s2.0-85040445048&doi=10.1016%2fj.scijus.2017.11.007&partnerID=40&md5=4895208919cd91c711133386b1f9943e,"Netherlands Forensic Institute, PO Box 24044, The Hague, AA  2490, Netherlands; Institute for Criminal Law and Criminology, Faculty of Law, Leiden University, PO Box 9520, Leiden, RA  2300, Netherlands","Berger, C.E.H., Netherlands Forensic Institute, PO Box 24044, The Hague, AA  2490, Netherlands, Institute for Criminal Law and Criminology, Faculty of Law, Leiden University, PO Box 9520, Leiden, RA  2300, Netherlands; Stoel, R.D., Netherlands Forensic Institute, PO Box 24044, The Hague, AA  2490, Netherlands",,human; Letter; perception; strength; verbal behavior; emotion; facial expression; Emotions; Facial Expression; Humans; Perception,,Letter,Final,,Scopus,2-s2.0-85040445048,2019
"Comanescu M.A., Muehlethaler C., Lombardi J.R., Leona M., Kubic T.A.",57200141576;36990536700;7007059776;57204298589;6507463348;,Competitive Binding Investigations and Quantitation in Surface-Enhanced Raman Spectra of Binary Dye Mixtures,2018,Applied Spectroscopy,72,1,,60,68,,4,10.1177/0003702817723339,https://www.scopus.com/inward/record.uri?eid=2-s2.0-85039900745&doi=10.1177%2f0003702817723339&partnerID=40&md5=e65486f988132a87ce30c49ad2536e44,"Department of Sciences, John Jay College of Criminal Justice, New York, NY, United States; Department of Chemistry, Biochemistry and Physics, University of Quebec at Trois-Rivieres, Trois-Rivieres, QC, Canada; Department of Chemistry and Center for Analysis of Structures and Interfaces (CASI), The City College of New York, New York, NY, United States; Department of Scientific Research, The Metropolitan Museum of Art, New York, NY, United States","Comanescu, M.A., Department of Sciences, John Jay College of Criminal Justice, New York, NY, United States; Muehlethaler, C., Department of Chemistry, Biochemistry and Physics, University of Quebec at Trois-Rivieres, Trois-Rivieres, QC, Canada; Lombardi, J.R., Department of Chemistry and Center for Analysis of Structures and Interfaces (CASI), The City College of New York, New York, NY, United States; Leona, M., Department of Scientific Research, The Metropolitan Museum of Art, New York, NY, United States; Kubic, T.A., Department of Sciences, John Jay College of Criminal Justice, New York, NY, United States",alizarin; dye mixtures; nanoparticles; purpurin; quantitation; Raman; SERS; silver colloids; Surface-enhanced Raman spectroscopy,Alizarin; Binary mixtures; Bins; Calibration; Isotherms; Mixtures; Nanoparticles; Raman spectroscopy; Synthesis (chemical); purpurin; quantitation; Raman; SERS; Silver colloid; Surface enhanced Raman spectroscopy; Silver,,Article,Final,Open Access,Scopus,2-s2.0-85039900745,2019
Carr D.J.,8049037200;,Forensic Textile Science,2017,Forensic Textile Science,,,,1,205,,4,10.1016/C2015-0-01104-2,https://www.scopus.com/inward/record.uri?eid=2-s2.0-85053747936&doi=10.1016%2fC2015-0-01104-2&partnerID=40&md5=75a7ace2e9bdeca8b70d26c1460e36a5,"Cranfield University, Shrivenham, United Kingdom","Carr, D.J., Cranfield University, Shrivenham, United Kingdom",,Fabrics; Students; Ballistic damage; Damage analysis; Forensic scientists; Graduate students; Household textiles; Impact damages; Key topics; Reference points; Forensic engineering,,Book,Final,,Scopus,2-s2.0-85053747936,2019
Houck M.,,Materials Analysis in Forensic Science,2016,Materials Analysis in Forensic Science,n.d.,,,,,,4,,,,"Houck, M.",,,,,Final,,Scopus,2-s2.0-85072396346,2019
"Hu C., Zhu J., Mei H., Shi H., Guo H., Zhang G., Wang P., Lu L., Zheng X.",57193389529;57213066924;36143195300;57193390271;55468662100;57195306431;57203411788;57203413647;42162527200;,A sensitive HPLC-MS/MS method for the analysis of fiber dyes,2018,Forensic Chemistry,11,,,1,6,,3,10.1016/j.forc.2018.08.001,https://www.scopus.com/inward/record.uri?eid=2-s2.0-85051634082&doi=10.1016%2fj.forc.2018.08.001&partnerID=40&md5=af7f331d60c97039f8de1dae18c6a621,"Institute of Forensic Science, Ministry of Public Security, Beijing, 100038, China","Hu, C., Institute of Forensic Science, Ministry of Public Security, Beijing, 100038, China; Zhu, J., Institute of Forensic Science, Ministry of Public Security, Beijing, 100038, China; Mei, H., Institute of Forensic Science, Ministry of Public Security, Beijing, 100038, China; Shi, H., Institute of Forensic Science, Ministry of Public Security, Beijing, 100038, China; Guo, H., Institute of Forensic Science, Ministry of Public Security, Beijing, 100038, China; Zhang, G., Institute of Forensic Science, Ministry of Public Security, Beijing, 100038, China; Wang, P., Institute of Forensic Science, Ministry of Public Security, Beijing, 100038, China; Lu, L., Institute of Forensic Science, Ministry of Public Security, Beijing, 100038, China; Zheng, X., Institute of Forensic Science, Ministry of Public Security, Beijing, 100038, China",Fiber dyes; Forensic science; HPLC-MS/MS; Sensitivity,,,Article,Final,,Scopus,2-s2.0-85051634082,2019
"Sloan K., Fergusson M., Robertson J.",57201072367;57201074881;7404531595;,Textile damage examinations on the cutting edge–an Australian perspective,2018,Australian Journal of Forensic Sciences,50,6,,682,688,,3,10.1080/00450618.2018.1438877,https://www.scopus.com/inward/record.uri?eid=2-s2.0-85043319042&doi=10.1080%2f00450618.2018.1438877&partnerID=40&md5=8acc23fde15378050c22c302eeb72bcc,"Specialist Operations, Australian Federal PoliceACT, Australia; Centre for Advanced Materials and Performance Textiles, RMIT University, Brunswick, Australia; National Centre for Forensic Studies, University of CanberraACT, Australia","Sloan, K., Specialist Operations, Australian Federal PoliceACT, Australia; Fergusson, M., Centre for Advanced Materials and Performance Textiles, RMIT University, Brunswick, Australia; Robertson, J., National Centre for Forensic Studies, University of CanberraACT, Australia",cognitive bias; PCAST report; reliability; Textile damage analysis; textile severance morphology; validity,Article; human; textile damage examination; textile industry; validity,,Article,Final,,Scopus,2-s2.0-85043319042,2019
"Powell R., van Bronswijk W., Coumbaros J.",57201459097;35587577900;7801471626;,Enhancing the evidential value of textile fibres: Part 1: Development of a spectral database and evaluative comparison strategy,2018,Forensic Science International,287,,,54,62,,3,10.1016/j.forsciint.2018.03.025,https://www.scopus.com/inward/record.uri?eid=2-s2.0-85044976631&doi=10.1016%2fj.forsciint.2018.03.025&partnerID=40&md5=55b2e16ba152678cc71948cdf6b322da,"Forensic Chemistry Section, ChemCentre, Level 2, South Wing, Building 500, Resources and Chemistry Precinct, Cnr Manning Rd and Townsing Dr, Bentley, Western Australia  6102, Australia; Department of Chemistry, Curtin University, GPO Box U1987, Perth, Western Australia  6845, Australia","Powell, R., Forensic Chemistry Section, ChemCentre, Level 2, South Wing, Building 500, Resources and Chemistry Precinct, Cnr Manning Rd and Townsing Dr, Bentley, Western Australia  6102, Australia; van Bronswijk, W., Department of Chemistry, Curtin University, GPO Box U1987, Perth, Western Australia  6845, Australia; Coumbaros, J., Forensic Chemistry Section, ChemCentre, Level 2, South Wing, Building 500, Resources and Chemistry Precinct, Cnr Manning Rd and Townsing Dr, Bentley, Western Australia  6102, Australia",Database; First derivative; Forensic science; Microspectrophotometry; Textile fibres,Article; classification; comparative study; controlled study; data base; fluorescence analysis; forensic science; microscopy; microspectrophotometry; priority journal,,Article,Final,,Scopus,2-s2.0-85044976631,2019
Bitzer S.,56667447600;,Factors leading to the involvement of Forensic Advisors in the Belgian criminal justice system,2018,Forensic Science International,285,,,181,188,,3,10.1016/j.forsciint.2018.02.007,https://www.scopus.com/inward/record.uri?eid=2-s2.0-85042705733&doi=10.1016%2fj.forsciint.2018.02.007&partnerID=40&md5=f0cf593e97e8f117840ff359651f2f45,"National Institute for Criminalistics and Criminology, Departement of Criminology, Boulevard du Jardin Botanique 50, Brussels, 1000, Belgium","Bitzer, S., National Institute for Criminalistics and Criminology, Departement of Criminology, Boulevard du Jardin Botanique 50, Brussels, 1000, Belgium",Communication; Efficiency; Traces; Triaging,Article; Belgium; burglary; crime; criminal justice; decision tree; forensic advisor; forensic science; homicide; human; named groups by occupation; priority journal; robbery; sexual assault; consultation; criminal law; legislation and jurisprudence; organization and management; professional competence; Belgium; Consultants; Criminal Law; Decision Trees; Forensic Sciences; Humans; Professional Competence,,Article,Final,,Scopus,2-s2.0-85042705733,2019
"Bucknell A., Bassindale T.",57194391061;6508034636;,An investigation into the effect of surveillance drones on textile evidence at crime scenes,2017,Science and Justice,57,5,,373,375,,3,10.1016/j.scijus.2017.05.004,https://www.scopus.com/inward/record.uri?eid=2-s2.0-85019949851&doi=10.1016%2fj.scijus.2017.05.004&partnerID=40&md5=fd059b77db2e165fb7c947aaf789faa9,"Biomolecular Sciences Research Centre, Department of Biosciences, Sheffield Hallam University, Howard Street, Sheffield, S1 1WB, United Kingdom","Bucknell, A., Biomolecular Sciences Research Centre, Department of Biosciences, Sheffield Hallam University, Howard Street, Sheffield, S1 1WB, United Kingdom; Bassindale, T., Biomolecular Sciences Research Centre, Department of Biosciences, Sheffield Hallam University, Howard Street, Sheffield, S1 1WB, United Kingdom",Crime scene; Drone; Fibres; Forensic science; Trace evidence,Article; building; comparative study; crime; forensic science; general medical device; home; legal evidence; police; quadcopter drone; sexual assault; tablet machine; textile; textile fiber; workplace,,Article,Final,,Scopus,2-s2.0-85019949851,2019
"Summerscales J., Gwinnett C.",7004155283;56612054800;,Forensic identification of bast fibres,2017,Biocomposites for High-Performance Applications: Current Barriers and Future Needs Towards Industrial Development,,,,125,164,,3,10.1016/B978-0-08-100793-8.00005-3,https://www.scopus.com/inward/record.uri?eid=2-s2.0-85042293521&doi=10.1016%2fB978-0-08-100793-8.00005-3&partnerID=40&md5=05ef078c936d611d86e17913571e32e4,"University of Plymouth, Plymouth, United Kingdom; Staffordshire University, Stoke-on-Trent, United Kingdom","Summerscales, J., University of Plymouth, Plymouth, United Kingdom; Gwinnett, C., Staffordshire University, Stoke-on-Trent, United Kingdom",A: Fibres; D: Optical microscopy; D: Physical methods of testing; X: Natural fibres,Bast fibers; Cost effectiveness; Forensic science; Glass ceramics; Supply chains; Textile industry; Composite applications; Criminal investigation; Forensic identification; Industrial supply chains; Ligno-cellulosic system; Physical methods; Regenerated cellulose; Structural component; Textiles,,Book Chapter,Final,,Scopus,2-s2.0-85042293521,2019
"Samlal-Soedhoe R., Willemstein L.M., Baiker M., van der Weerd J.",57193266744;57193263274;57110281600;6603650278;,Combined recovery of biological and fibre traces,2017,Science and Justice,57,3,,174,180,,3,10.1016/j.scijus.2017.02.001,https://www.scopus.com/inward/record.uri?eid=2-s2.0-85012206968&doi=10.1016%2fj.scijus.2017.02.001&partnerID=40&md5=b13c4415aad9b7448fe64fe64b47d0c8,"Netherlands Forensic Institute, Division of Chemical and Physical Traces, P.O.Box 24044, The Hague, 2490AA, Netherlands; Netherlands Forensic Institute, Division of Biological Traces, P.O.Box 24044, The Hague, 2490AA, Netherlands","Samlal-Soedhoe, R., Netherlands Forensic Institute, Division of Chemical and Physical Traces, P.O.Box 24044, The Hague, 2490AA, Netherlands; Willemstein, L.M., Netherlands Forensic Institute, Division of Biological Traces, P.O.Box 24044, The Hague, 2490AA, Netherlands; Baiker, M., Netherlands Forensic Institute, Division of Chemical and Physical Traces, P.O.Box 24044, The Hague, 2490AA, Netherlands; van der Weerd, J., Netherlands Forensic Institute, Division of Chemical and Physical Traces, P.O.Box 24044, The Hague, 2490AA, Netherlands",,DNA; polyester; DNA; Article; DNA extraction; DNA isolation; heating; illumination; molecular stability; surface property; textile fiber; ultraviolet radiation; clothing; cotton; fluorescence; forensic science; human; isolation and purification; procedures; specimen handling; Clothing; Cotton Fiber; DNA; Fluorescence; Forensic Sciences; Humans; Polyesters; Specimen Handling,,Article,Final,,Scopus,2-s2.0-85012206968,2019
"Schnegg M., Massonnet G.",56755185000;6603429626;,Microtraces collection: A high potential to consider at the earliest stage of the crime scene investigation [Prélèvement des microtraces : Un fort potentiel à considérer dès l’investigation de la scène de crime],2017,Revue Internationale de Criminologie et de Police Technique et Scientifique,70,1,,95,120,,3,,https://www.scopus.com/inward/record.uri?eid=2-s2.0-85020900249&partnerID=40&md5=c793f8f8d9d984a71072f444c0bd7195,"l’Ecole des Sciences Criminelles de l’Université de Lausanne, Switzerland","Schnegg, M., l’Ecole des Sciences Criminelles de l’Université de Lausanne, Switzerland; Massonnet, G., l’Ecole des Sciences Criminelles de l’Université de Lausanne, Switzerland",1:1 taping; Adhesive bands; Distribution; Sampling techniques; Textile fibres,,,Article,Final,,Scopus,2-s2.0-85020900249,2019
"Lepot L., Vanden Driessche T., Lunstroot K., Barret A., Gason F., De Wael K.",15021035100;55497349700;15136212400;57192374385;14038614100;23491995600;,Extraneous fibre traces brought by river water — A case study,2017,Science and Justice,57,1,,53,57,,3,10.1016/j.scijus.2016.10.006,https://www.scopus.com/inward/record.uri?eid=2-s2.0-85005976237&doi=10.1016%2fj.scijus.2016.10.006&partnerID=40&md5=328a1431f292b10d110da06578769294,"National Institute of Criminalistics and Criminology (NICC-INCC), Chaussée de Vilvorde 100, Brussels, B-1120, Belgium","Lepot, L., National Institute of Criminalistics and Criminology (NICC-INCC), Chaussée de Vilvorde 100, Brussels, B-1120, Belgium; Vanden Driessche, T., National Institute of Criminalistics and Criminology (NICC-INCC), Chaussée de Vilvorde 100, Brussels, B-1120, Belgium; Lunstroot, K., National Institute of Criminalistics and Criminology (NICC-INCC), Chaussée de Vilvorde 100, Brussels, B-1120, Belgium; Barret, A., National Institute of Criminalistics and Criminology (NICC-INCC), Chaussée de Vilvorde 100, Brussels, B-1120, Belgium; Gason, F., National Institute of Criminalistics and Criminology (NICC-INCC), Chaussée de Vilvorde 100, Brussels, B-1120, Belgium; De Wael, K., National Institute of Criminalistics and Criminology (NICC-INCC), Chaussée de Vilvorde 100, Brussels, B-1120, Belgium",Cotton; Discrimination; Forensic fibre examination; Microspectrophotometry; Polyester; Significance of evidence; Underwater conditions,polyester; river water; Article; case report; contamination; cotton; forensic identification; human; immersion; textile fiber; victim; clothing; forensic science; male; microspectrophotometry; river; specimen handling; Clothing; Forensic Sciences; Humans; Immersion; Male; Microspectrophotometry; Rivers; Specimen Handling,,Article,Final,,Scopus,2-s2.0-85005976237,2019
"Cardoso Santos M., Dai C., Manhas Verbi Pereira F.",57203223466;57203220036;57203223391;,Chemical Element Profiles in Commercial Woven Fabric Combining Laser-Induced Breakdown Spectroscopy and Chemometrics,2018,Journal of Applied Spectroscopy,85,3,,543,551,,2,10.1007/s10812-018-0685-6,https://www.scopus.com/inward/record.uri?eid=2-s2.0-85051058687&doi=10.1007%2fs10812-018-0685-6&partnerID=40&md5=80be15dea3a19bca0f4891cb58370b2d,"Universidade Estadual Paulista (UNESP), Instituto de Química, Departamento de Química Analítica, Rua Professor Francisco Degni, 55, Araraquara, SP  14800-060, Brazil","Cardoso Santos, M., Universidade Estadual Paulista (UNESP), Instituto de Química, Departamento de Química Analítica, Rua Professor Francisco Degni, 55, Araraquara, SP  14800-060, Brazil; Dai, C., Universidade Estadual Paulista (UNESP), Instituto de Química, Departamento de Química Analítica, Rua Professor Francisco Degni, 55, Araraquara, SP  14800-060, Brazil; Manhas Verbi Pereira, F., Universidade Estadual Paulista (UNESP), Instituto de Química, Departamento de Química Analítica, Rua Professor Francisco Degni, 55, Araraquara, SP  14800-060, Brazil",chemometrics; laser-induced breakdown spectroscopy; woven fabric,,,Article,Final,,Scopus,2-s2.0-85051058687,2019
"Joslin Yogi T.A., Penrod M., Holt M., Buzzini P.",57200106610;57200108662;26031391400;8626149000;,The relationship between cross-sectional shapes and FTIR profiles in synthetic wig fibers and their discriminating abilities — An evidential value perspective,2018,Forensic Science International,283,,,94,102,,2,10.1016/j.forsciint.2017.12.015,https://www.scopus.com/inward/record.uri?eid=2-s2.0-85039724939&doi=10.1016%2fj.forsciint.2017.12.015&partnerID=40&md5=49d549643253c1d92397b0c208af27e8,"Department of Forensic and Investigative Science, West Virginia University, 208 Oglebay Hall, 1600 University Ave, P.O. Box 6121, Morgantown, WV  26505-6121, United States; Department of Mathematics and Statistics, Sam Houston State University, 1900 Avenue, P.O. Box 2206, Huntsville, TX  77340-2206, United States; Department of Forensic Science, Sam Houston State University, Chemistry and Forensic Science Bldg., 1003 Bowers Blvd., P.O. Box 2525, Huntsville, TX  77340-2525, United States; Permanent address: The University of Akron, Auburn Science and Engineering Center, Akron, OH  44325-3901, United States","Joslin Yogi, T.A., Department of Forensic and Investigative Science, West Virginia University, 208 Oglebay Hall, 1600 University Ave, P.O. Box 6121, Morgantown, WV  26505-6121, United States, Permanent address: The University of Akron, Auburn Science and Engineering Center, Akron, OH  44325-3901, United States; Penrod, M., Department of Mathematics and Statistics, Sam Houston State University, 1900 Avenue, P.O. Box 2206, Huntsville, TX  77340-2206, United States; Holt, M., Department of Mathematics and Statistics, Sam Houston State University, 1900 Avenue, P.O. Box 2206, Huntsville, TX  77340-2206, United States; Buzzini, P., Department of Forensic Science, Sam Houston State University, Chemistry and Forensic Science Bldg., 1003 Bowers Blvd., P.O. Box 2525, Huntsville, TX  77340-2525, United States",Fibers; FTIR spectroscopy; Microscopy; Trace evidence; Wigs,polymer; polypropylene; polyvinylchloride; analytic method; analytical parameters; Article; crime; forensic identification; illumination; infrared spectroscopy; Joliff method; microscopy; modacrylic fiber; physical parameters; polyvinyl chloride fiber; priority journal; quality control; statistical analysis,,Article,Final,,Scopus,2-s2.0-85039724939,2019
"Schulman T.G., Samlal-Soedhoe R.S., van der Weerd J.",57201085129;57193266744;6603650278;,Toward a systematic classification of textile damages,2018,Forensic science review,30,1,,51,75,,2,,https://www.scopus.com/inward/record.uri?eid=2-s2.0-85043368609&partnerID=40&md5=f015a2990497a625296fa78855577b6e,"Microtrace, Netherlands Forensic Institute, The Hague, Section, Netherlands; Microtrace, Netherlands Forensic Institute, The Hague, Section, Netherlands","Schulman, T.G., Microtrace, Netherlands Forensic Institute, The Hague, Section, Netherlands; Samlal-Soedhoe, R.S., Microtrace, Netherlands Forensic Institute, The Hague, Section, Netherlands; van der Weerd, J., Microtrace, Netherlands Forensic Institute, The Hague, Section, Netherlands",Classification; cut; heat; textile damage; validation; wear-and-tear,clothing; forensic science; human; procedures; textile; Clothing; Forensic Sciences; Humans; Textiles,,Review,Final,,Scopus,2-s2.0-85043368609,2019
"De Wael K., Lepot L.",23491995600;15021035100;,"Forensic Science, Applications of Raman Spectroscopy to Fiber Analysis",2017,Encyclopedia of Spectroscopy and Spectrometry,,,,712,719,,2,10.1016/B978-0-12-409547-2.12168-7,https://www.scopus.com/inward/record.uri?eid=2-s2.0-85060161635&doi=10.1016%2fB978-0-12-409547-2.12168-7&partnerID=40&md5=820d123057150833198a22e28eaf4040,"Belgium Forensic Science Institute (NICC-INCC), Brussels, Belgium","De Wael, K., Belgium Forensic Science Institute (NICC-INCC), Brussels, Belgium; Lepot, L., Belgium Forensic Science Institute (NICC-INCC), Brussels, Belgium","Cellulose; Databases; Dyes; Dyes, mixture; Fiber examination; Fiber, man-made; Fiber, natural; Fluorescence; Forensic science; Nylon; Pigments; Polyester; Polyolefin; Raman spectroscopy; Resonance",Cellulose; Database systems; Dyes; Fluorescence; Forensic science; Mixtures; Nondestructive examination; Pigments; Polyesters; Polyolefins; Raman spectroscopy; Resonance; Spectrum analysis; Colored fibers; Control samples; Fiber traces; Multiple lasers; Non-destructive technique; Nylon; Raman spectral database; Single fiber; Fibers,,Book Chapter,Final,,Scopus,2-s2.0-85060161635,2019
Chisnall R.C.,,Analysing knot evidence: Associating innate habits with sophisticated tying tasks,2016,Scandinavian J. For. Sci.,22,2,,21,32,,2,,,,"Chisnall, R.C.",,,,,Final,,Scopus,2-s2.0-85041403276,2019
"Takematsu M.M., Diniz M.F., Da Costa Mattos E., De Cássia Lazzarini Dutra R.",57204333082;7003526411;6508038987;6503928137;,Sheath-core bicomponent fiber characterization by FT-IR and other analytical methodologies,2018,Polimeros,28,4,,339,347,,1,10.1590/0104-1428.09016,https://www.scopus.com/inward/record.uri?eid=2-s2.0-85055180001&doi=10.1590%2f0104-1428.09016&partnerID=40&md5=be6ea48006dc008857c04d020595bf80,"Instituto Tecnológico de Aeronaútica-ITA, Saõ José dos Campos, SP, Brazil; Instituto de Aeronaútica e Espaço-IAe, Divisaõ de Química-AQI, Saõ José dos Campos, SP, Brazil","Takematsu, M.M., Instituto Tecnológico de Aeronaútica-ITA, Saõ José dos Campos, SP, Brazil; Diniz, M.F., Instituto de Aeronaútica e Espaço-IAe, Divisaõ de Química-AQI, Saõ José dos Campos, SP, Brazil; Da Costa Mattos, E., Instituto Tecnológico de Aeronaútica-ITA, Saõ José dos Campos, SP, Brazil, Instituto de Aeronaútica e Espaço-IAe, Divisaõ de Química-AQI, Saõ José dos Campos, SP, Brazil; De Cássia Lazzarini Dutra, R., Instituto Tecnológico de Aeronaútica-ITA, Saõ José dos Campos, SP, Brazil",Bicomponent fiber; Characterization; FT-IR; Polyethylene; Polypropylene,Characterization; Colorimetric analysis; Differential scanning calorimetry; Energy dispersive spectroscopy; Fibers; Fourier transform infrared spectroscopy; Polyethylenes; Polypropylenes; Process monitoring; Quality control; Scanning electron microscopy; Titanium dioxide; Analytical methodology; Bi-component fibers; Dsc(differential scanning calorimetry); Elemental compositions; Energy dispersive X ray spectroscopy; Forensic investigation; Fourier transform infra red (FTIR) spectroscopy; Titanium dioxides (TiO2); Thermogravimetric analysis,,Article,Final,Open Access,Scopus,2-s2.0-85055180001,2019
Van Houte F.,,Information on man-made fibres,2018,,,,,,,,1,,,,"Van Houte, F.",,,,,Final,,Scopus,2-s2.0-85081266781,2019
Friedman J.,,Current FBI approved standards for testimony and reporting for hairs and fibres,2018,"Proceedings of the 26th European Textile & Hair Group (ETHG – ENFSI Working Group) Meeting, Zurich",,,,,,,1,,,,"Friedman, J.",,,,,Final,,Scopus,2-s2.0-85081261515,2019
Williams G.A.,,Forensic textile damage analysis: recent advances,2018,Res. Rep. Forensic Med. Sci.,8,,,1,8,,1,,,,"Williams, G.A.",,,,,Final,,Scopus,2-s2.0-85081240148,2019
"Groves E., Palenik S., Palenik C.S.",56915536700;6505782584;7005080203;,A generalized approach to forensic dye identification: Development and utility of reference libraries,2018,Journal of AOAC International,101,5,,1385,1396,,1,10.5740/jaoacint.18-0052,https://www.scopus.com/inward/record.uri?eid=2-s2.0-85058365582&doi=10.5740%2fjaoacint.18-0052&partnerID=40&md5=307fae86976745bd9646db6561fea6a1,"Microtrace LLC, 790 Fletcher Dr., Suite 106, Elgin, IL  60123, United States","Groves, E., Microtrace LLC, 790 Fletcher Dr., Suite 106, Elgin, IL  60123, United States; Palenik, S., Microtrace LLC, 790 Fletcher Dr., Suite 106, Elgin, IL  60123, United States; Palenik, C.S., Microtrace LLC, 790 Fletcher Dr., Suite 106, Elgin, IL  60123, United States",,"Fibers; Forensic science; Libraries; Microoptics; Optical properties; Textile finishing; Textiles; Ultraviolet visible spectroscopy; Analytical problems; Dye identification; Infrared micro-spectroscopy; Microspectrophotometry; Raman microspectroscopy; Reference collections; Robust analytical methods; UV-vis spectroscopy; Dyes; coloring agent; analysis; forensic science; human; infrared spectrophotometry; microspectrophotometry; procedures; Raman spectrometry; spectrophotometry; standard; standards; textile; ultraviolet spectrophotometry; Coloring Agents; Forensic Sciences; Humans; Microspectrophotometry; Reference Standards; Spectrophotometry; Spectrophotometry, Infrared; Spectrophotometry, Ultraviolet; Spectrum Analysis, Raman; Textiles",,Article,Final,,Scopus,2-s2.0-85058365582,2019
"Wetzer E., Lohninger H.",57201995123;6602216612;,Image Processing using Color Space Models for Forensic Fiber Detection,2018,IFAC-PapersOnLine,51,2,,445,450,,1,10.1016/j.ifacol.2018.03.076,https://www.scopus.com/inward/record.uri?eid=2-s2.0-85046622878&doi=10.1016%2fj.ifacol.2018.03.076&partnerID=40&md5=6baa170d1256c18422f322183204520b,"Vienna University of Technology, Uppsala University, Austria; Vienna University of Technology, Vienna, Austria","Wetzer, E., Vienna University of Technology, Uppsala University, Austria; Lohninger, H., Vienna University of Technology, Vienna, Austria",Data Reduction; Image analysis; Image processing; Image segmentation; Object recognition,Color; Color matching; Data reduction; Digital forensics; Fibers; Image analysis; Image enhancement; Image processing; Image segmentation; Mathematical transformations; Object recognition; Optical data processing; Color channels; Gray-scale images; Large amounts of data; Morphological operator; Nonlinear transforms; Optical microscopes; Science applications; Spectroscopic measurements; Color image processing,,Article,Final,Open Access,Scopus,2-s2.0-85046622878,2019
Chisnall R.C.,23024050500;,Categorizing innate tying behavior and knot sophistication using fundamental principles,2017,Journal of Forensic Identification,67,3,,447,472,,1,,https://www.scopus.com/inward/record.uri?eid=2-s2.0-85041385758&partnerID=40&md5=7e3a4b56fbe371497272de3dfde4eff0,"Independent Consultant, 60 Dauphin Avenue, Kingston, ON  K7K 6B1, Canada","Chisnall, R.C., Independent Consultant, 60 Dauphin Avenue, Kingston, ON  K7K 6B1, Canada",,chirality; classification; habit; handedness; human; review,,Review,Final,,Scopus,2-s2.0-85041385758,2019
"Grunwald J.E., Gannicliffe C.",,The situation in Germany and UK,2017,"Proceedings of the 25th European Textile & Hair Group (ETHG – ENFSI Working Group) Meeting, Leiden",,,,,,,1,,,,"Grunwald, J.E.; Gannicliffe, C.",,,,,Final,,Scopus,2-s2.0-85081267324,2019
European Textile & Hair Group,,Workshop on Interpretation,2017,"25th European Textile & Hair Group (ETHG – ENFSI Working Group) Meeting, Leiden",,,,,,,1,,,,European Textile & Hair Group,,,,,Final,,Scopus,2-s2.0-85081241018,2019
"Kato T., Suzuki Y., Handa M.",57145457600;57206758390;55722758400;,Analysis and discrimination of disperse dyes extracted from black polyester fibers,2017,Bunseki Kagaku,66,1,,39,48,,1,10.2116/bunsekikagaku.66.39,https://www.scopus.com/inward/record.uri?eid=2-s2.0-85012008518&doi=10.2116%2fbunsekikagaku.66.39&partnerID=40&md5=743659f437a10c2af9fb5abd1ba3a2b2,"Criminal Investigation Laboratory, Shimane Prefectural Police H.Q., 1751-15, Heisei-cho, Matsue-shi, Shimane  690-0038, Japan; Department of Chemistry, Interdisciplinary Graduate School of Science and Engineering, Shimane University, 1060, Nishikawatsu-cho, Matsue-shi, Shimane  690-8504, Japan; National Research Institute of Police Science, 6-3-1, Kashiwanoha, Kashiwa-shi, Chiba  277-0882, Japan","Kato, T., Criminal Investigation Laboratory, Shimane Prefectural Police H.Q., 1751-15, Heisei-cho, Matsue-shi, Shimane  690-0038, Japan, Department of Chemistry, Interdisciplinary Graduate School of Science and Engineering, Shimane University, 1060, Nishikawatsu-cho, Matsue-shi, Shimane  690-8504, Japan; Suzuki, Y., National Research Institute of Police Science, 6-3-1, Kashiwanoha, Kashiwa-shi, Chiba  277-0882, Japan; Handa, M., Department of Chemistry, Interdisciplinary Graduate School of Science and Engineering, Shimane University, 1060, Nishikawatsu-cho, Matsue-shi, Shimane  690-8504, Japan",Black polyester gloves; Disperse dye; Liquid chromatography/linear ion trap mass spectrometry,,,Article,Final,Open Access,Scopus,2-s2.0-85012008518,2019
"Lepot L., De Wael K., Lunstroot K.",,"Fibres and textiles, 2013-2016",2016,Proceedings of the 18th Interpol International Forensic Science Managers Symposium,,,,143,162,,1,,,,"Lepot, L.; De Wael, K.; Lunstroot, K.",,,,,Final,,Scopus,2-s2.0-85081261924,2019
Burnip M.R.,,Forensic Characterization of Dyes from Synthetic Textile Fibers Exposed to Outdoor and Laundering Effects by Ultra Performance Liquid Chromatography and Spectral Analysis,2016,,,,,,,,1,,,,"Burnip, M.R.",,,,,Final,,Scopus,2-s2.0-85081215812,2019
